{
  "seg_iou": 0.8491792464256287,
  "seg_dice": 0.9060856509208679,
  "det_iou": 0.5841964483261108,
  "det_acc05": 0.6875,
  "cls_acc": 0.8,
  "cls_macro_f1": 0.8004753290003832,
  "score": 0.7978618836402894,
  "confusion_matrix": [
    [
      33,
      1,
      1,
      0,
      0,
      0,
      1,
      4,
      0,
      0
    ],
    [
      3,
      35,
      2,
      0,
      0,
      0,
      0,
      0,
      0,
      0
    ],
    [
      2,
      0,
      29,
      0,
      7,
      0,
      0,
      2,
      0,
      0
    ],
    [
      0,
      0,
      0,
      28,
      1,
      2,
      4,
      2,
      0,
      3
    ],
    [
      1,
      0,
      2,
      0,
      35,
      0,
      0,
      2,
      0,
      0
    ],
    [
      0,
      0,
      0,
      3,
      0,
      36,
      0,
      0,
      0,
      1
    ],
    [
      0,
      0,
      0,
      0,
      1,
      0,
      27,
      5,
      0,
      7
    ],
    [
      1,
      1,
      1,
      0,
      2,
      0,
      0,
      34,
      0,
      1
    ],
    [
      0,
      3,
      4,
      1,
      0,
      0,
      0,
      0,
      32,
      0
    ],
    [
      1,
      0,
      0,
      2,
      0,
      3,
      2,
      1,
      0,
      31
    ]
  ]
}