{
  "seg_iou": 0.8481947133593537,
  "seg_dice": 0.8907615599843363,
  "det_iou": 0.5456964373588562,
  "det_acc05": 0.6118840575218201,
  "cls_acc": 0.8602898550724638,
  "cls_macro_f1": 0.8605624737325863,
  "score": 0.7876451575262067,
  "confusion_matrix": [
    [
      287,
      7,
      13,
      1,
      7,
      2,
      1,
      23,
      0,
      4
    ],
    [
      22,
      295,
      18,
      1,
      0,
      0,
      0,
      0,
      8,
      1
    ],
    [
      35,
      7,
      289,
      0,
      4,
      0,
      0,
      0,
      10,
      0
    ],
    [
      5,
      13,
      10,
      224,
      0,
      71,
      1,
      4,
      0,
      17
    ],
    [
      5,
      9,
      26,
      1,
      296,
      0,
      0,
      4,
      4,
      0
    ],
    [
      0,
      5,
      10,
      8,
      0,
      320,
      0,
      1,
      0,
      1
    ],
    [
      0,
      2,
      13,
      0,
      2,
      0,
      301,
      23,
      0,
      4
    ],
    [
      10,
      3,
      13,
      0,
      3,
      0,
      0,
      313,
      0,
      3
    ],
    [
      1,
      0,
      15,
      1,
      0,
      5,
      0,
      0,
      323,
      0
    ],
    [
      0,
      1,
      14,
      1,
      0,
      1,
      8,
      0,
      0,
      320
    ]
  ]
}