{
  "seg_iou": 0.8252448255920576,
  "seg_dice": 0.8737331060347734,
  "det_iou": 0.15365029871463776,
  "det_acc05": 0.06753623485565186,
  "cls_acc": 0.662608695652174,
  "cls_macro_f1": 0.6498816567820185,
  "score": 0.5346260121808664,
  "confusion_matrix": [
    [
      166,
      30,
      84,
      2,
      23,
      0,
      1,
      38,
      1,
      0
    ],
    [
      5,
      322,
      7,
      0,
      10,
      0,
      0,
      0,
      1,
      0
    ],
    [
      48,
      48,
      129,
      0,
      113,
      0,
      0,
      0,
      7,
      0
    ],
    [
      1,
      15,
      0,
      171,
      0,
      120,
      2,
      0,
      0,
      36
    ],
    [
      0,
      30,
      15,
      1,
      281,
      0,
      0,
      12,
      6,
      0
    ],
    [
      0,
      15,
      0,
      16,
      0,
      303,
      1,
      6,
      0,
      4
    ],
    [
      0,
      15,
      0,
      1,
      3,
      4,
      122,
      183,
      0,
      17
    ],
    [
      12,
      16,
      5,
      2,
      15,
      0,
      4,
      289,
      1,
      1
    ],
    [
      1,
      17,
      1,
      0,
      3,
      0,
      1,
      7,
      314,
      1
    ],
    [
      0,
      15,
      0,
      5,
      0,
      12,
      104,
      20,
      0,
      189
    ]
  ]
}