{
  "seg_iou": 0.791720118522644,
  "seg_dice": 0.8566099262237549,
  "det_iou": 0.23945677280426025,
  "det_acc05": 0.0949999988079071,
  "cls_acc": 0.6375,
  "cls_macro_f1": 0.6321812932034138,
  "score": 0.5297033083438873,
  "confusion_matrix": [
    [
      24,
      4,
      7,
      3,
      1,
      1,
      0,
      0,
      0,
      0
    ],
    [
      2,
      33,
      1,
      4,
      0,
      0,
      0,
      0,
      0,
      0
    ],
    [
      4,
      1,
      26,
      3,
      6,
      0,
      0,
      0,
      0,
      0
    ],
    [
      0,
      0,
      0,
      30,
      2,
      2,
      3,
      2,
      0,
      1
    ],
    [
      1,
      0,
      0,
      3,
      33,
      1,
      0,
      0,
      2,
      0
    ],
    [
      0,
      0,
      0,
      8,
      0,
      28,
      1,
      2,
      0,
      1
    ],
    [
      1,
      0,
      0,
      3,
      3,
      2,
      13,
      16,
      0,
      2
    ],
    [
      0,
      2,
      1,
      3,
      1,
      2,
      3,
      27,
      1,
      0
    ],
    [
      0,
      2,
      1,
      2,
      2,
      2,
      1,
      1,
      29,
      0
    ],
    [
      0,
      2,
      0,
      6,
      0,
      3,
      13,
      4,
      0,
      12
    ]
  ]
}